parameter,median,lower_68,upper_68,fiducial,offset_pct
H0,66.10854808035967,48.43185068292784,88.5223684444026,67.36,-1.8578561752380214
Omega_b_h2,0.02239669135481869,0.021893870071530746,0.022898871259393303,0.02237,0.11931763441524637
Omega_c_h2,0.3623813954639907,0.09273893678119807,0.7024893474525123,0.12,201.98449621999225
n_s,1.0011614525971937,0.8571016531466389,1.142226340251201,0.9649,3.7580529171099295
A_s,2.645347008515599e-09,1.207969602930058e-09,4.1903103283615874e-09,2.1e-09,25.968905167409467
tau,0.05037267109978073,0.04327989916069383,0.05751378526780194,0.0544,-7.403178125403059
